HEAT Map,,,,,,,,Company risk profile,,,,,,,,
Goal Code,Goal Name,ID,Risk of impact,Typical business characteristic,Examples,,,Company risk profile,Risk of impact,Type of characteristic,Individual business characteristic,,,,,
BE01,Energy,BE01-T-H-1,HIGH,A typical business is dependent on fossil fuels as a key operational input,"e.g. requires coal to fuel a furnace, or gas for heating (includes metal refining) , heavy machinery or vehicles dependent on fossil-fuels ",,,BE01-C-G-H-1,HIGH,Industry-specific,Our business is dependent on fossil fuels as a key operational input,,,,,
,,BE01-T-H-2,HIGH,A typical business transforms the chemical or physical structure of materials with extreme temperatures at scale,"e.g. converting methane or naphtha into ammonia, or petroleum into polymers for plastic manufacturing",,,BE01-C-G-H-2,HIGH,Industry-specific,Our business transforms the chemical or physical structure of materials with extreme temperatures at scale,,,,,
,,BE01-T-H-3,HIGH,"A typical business depends on multiple stages of automated, machine-based labour",e.g. an industry where processes are completed largely by machinery rather than human labour (includes most manufacturing industries),,,BE01-C-G-H-3,HIGH,Industry-specific,"Our business depends on multiple stages of automated, machine-based labour",,,,,
,,BE01-T-H-4,HIGH,"A typical business transports or distributes goods, materials or people as a key activity","e.g. freight, oil & gas transportation (includes cruises, airlines, train companies)",,,BE01-C-G-H-4,HIGH,General,"Our business transports or distributes goods, materials or people as a key activity",,,,,
,,BE01-T-H-5,HIGH,A typical business depends on significant quantities of technological equipment ,"e.g. an industry heavily dependent on data servers or telecommunications (includes technology companies, financial exchanges & investment banks)",,,BE01-C-G-H-5,HIGH,Industry-specific,Our business depends on significant quantities of technological equipment ,,,,,
,,BE01-T-H-6,HIGH,A typical business requires a specialized environment which depends on high energy input for its maintenance ,"e.g. pristinely clean, high or low temperatures, or specialized ventilation such as for semiconductor manufacturing ",,,BE01-C-G-H-6,HIGH,Industry-specific,Our business requires a specialized environment which depends on high energy input for its maintenance ,,,,,
,,,,,,,,BE01-C-O-L-1,LOW,Operating context,Our business only uses procured grid electricity and we operate in a country where national grid electricity is entirely renewable,,,,,
,,,,,,,,BE01-C-P-L-1,LOW,Performance,"Our Energy Use progress indicator is 90% or more, in line with Future-Fit Criteria",,,,,
,,,,,,,,BE01-C-P-U-1,UNLIKELY,Performance,"Our Energy Use progress indicator is 100%, in line with Future-Fit Criteria",,,,,
BE02,Water,BE02-T-H-1,HIGH,A typical business's operations are water-intensive,"e.g. water is used for process-specific cleaning, washing, cooling, heating or pressure (includes industries  such as those involved in hydraulic mining and leisure services with swimming pools and golf courses)",,,BE02-C-G-H-1,HIGH,Industry-specific,Our operations are water-intensive,,,,,
,,BE02-T-H-2,HIGH,A typical business uses water as a major product input,"e.g. water is used to grow crops and for animal production, or as a key input into personal products such as shampoo and water-based beverages",,,BE02-C-G-H-2,HIGH,Industry-specific,Our business uses water as a major product input,,,,,
,,BE02-T-H-3,HIGH,A typical business generates contaminated wastewater which requires specialized treatment,"e.g. water is contaminated by hazardous chemicals such as those used in the textile industry, or organic matter such as slurry from livestock",,,BE02-C-G-H-3,HIGH,Industry-specific,Our business generates contaminated wastewater which requires specialized treatment,,,,,
,,BE02-T-L-1,LOW,A typical business uses water for personal consumption and basic sanitation purposes only,"e.g. industries whose activity takes place solely in offices or warehouses (excludes industries such as those where cleanliness levels are higher due to industry-specific requirements, such as  hospitals and restaurants)",,,BE02-C-G-L-1,LOW,General,Our business uses water for personal consumption and basic sanitation purposes only,,,,,
,,,,,,,,BE02-C-O-L-1,LOW,Operating context,Our business only operates in water-abundant areas with well-functioning wastewater treatment utilities,,,,,
,,,,,,,,BE02-C-P-L-1,LOW,Performance,"Our Water Use progress indicators are 90% or more, in line with Future-Fit criteria",,,,,
,,,,,,,,BE02-C-P-U-1,UNLIKELY,Performance,"Our Water Use progress indicators are 100%, in line with Future-Fit criteria",,,,,
BE03,Natural resources,BE03-T-H-1,HIGH,A typical business extracts natural resources from the earth,"e.g. metals, minerals and fossil fuels",,,BE03-C-G-H-1,HIGH,Industry-specific,Our business extracts natural resources from the earth,,,,,
,,BE03-T-H-2,HIGH,"A typical business cultivates plants or trees, or rears animals","e.g. wheat, dairy, beef",,,BE03-C-G-H-2,HIGH,Industry-specific,"Our business cultivates plants or trees, or rears animals",,,,,
,,BE03-T-H-3,HIGH,A typical business harvests plants or animals from the wild,"e.g. fishing, hunting",,,BE03-C-G-H-3,HIGH,Industry-specific,Our business harvests plants or animals from the wild,,,,,
,,BE03-T-H-4,HIGH,A typical business owns or manages large swathes of land,"e.g. prospective construction (buying up plots), stewardship of parklands and forests, and tourism, where the main attraction is the presence of natural resources such as high biodiversity",,,BE03-C-G-H-4,HIGH,Industry-specific,Our business owns or manages large swathes of land,,,,,
,,BE03-T-H-5,HIGH,A typical business relies on animal testing to develop its products,"e.g. cosmetics, pharmaceuticals",,,BE03-C-G-H-5,HIGH,Industry-specific,We rely on animal testing to develop our products,,,,,
,,BE03-T-U-1,UNLIKELY,"A typical business does not own or manage any natural resources, including  large swathes of  land",,,,BE03-C-G-U-1,UNLIKELY,General,"Our business does not own or manage any natural resources, including large swathes of land",,,,,
,,,,,,,,BE03-C-P-L-1,LOW,Performance,"Our Natural Resources progress indicator is 90% or more, in line with Future-Fit Criteria",,,,,
,,,,,,,,BE03-C-P-U-1,UNLIKELY,Performance,"Our Natural Resources progress indicator is 100%, in line with Future-Fit Criteria",,,,,
BE04,Procurement,BE04-T-H-1,HIGH,"A typical business  transforms, refines or combines raw materials","e.g. metals, foodstuffs, cement",,,BE04-C-G-H-1,HIGH,Industry-specific,"Our business transforms, refines or combines raw materials",,,,,
,,BE04-T-H-2,HIGH,A typical business's products are made of multiple materials or components ,"e.g. most manufactured goods, especially those dependent on packaging",,,BE04-C-G-H-2,HIGH,Industry-specific,Our products are made of multiple materials or components ,,,,,
,,BE04-T-H-3,HIGH,"A typical business relies on complex, multi-tiered supply chains","e.g. electronics are made up of many different components, which have supply chains of their own, and traceability is challenging.  Raw agricultural products are often amalgamated in central markets and become difficult to trace",,,BE04-C-G-H-3,HIGH,Industry-specific,"Our business relies on complex, multi-tiered supply chains",,,,,
,,BE04-T-H-4,HIGH,A typical business relies heavily on outsourced labour,e.g. industries with a significant use of call centres or external market researchers,,,BE04-C-G-H-4,HIGH,Industry-specific,Our business relies heavily on outsourced labour,,,,,
,,BE04-T-H-5,HIGH,A typical business only sells physical goods that it does not manufacture itself,e.g. supermarkets and department stores,,,BE04-C-G-H-5,HIGH,Industry-specific,We only sell physical goods that we do not manufacture ourselves,,,,,
,,BE04-T-H-6,HIGH,"A typical business's supply chains are heavily associated with ethical challenges such as the financing of conflict, terrorism, money laundering, bribery, or corruption ","e.g. mining, jewellery manufacturing",,,BE04-C-G-H-6,HIGH,General,"Our supply chains have been associated with ethical challenges such as the financing of conflict, terrorism, money laundering, bribery, or corruption ",,,,,
,,,,,,,,BE04-C-S-H-1,HIGH,Activity,Our business does not have visibility of its supply chain beyond the first tier,,,,,
,,BE04-T-L-1,LOW,A typical business only procures ancillary goods and services for its own operations,e.g. financial services and consulting procuring office supplies such as computers and stationary,,,BE04-C-G-L-1,LOW,General,Our business only procures ancillary goods and services for our own operations,,,,,
,,,,,,,,BE04-C-P-L-1,LOW,Performance,"Our Procurement progress indicators are 90% or more, in line with Future-Fit Criteria",,,,,
,,,,,,,,BE04-C-P-U-1,UNLIKELY,Performance,"Our Procurement progress indicators are 100%, in line with Future-Fit Criteria",,,,,
BE05,Emissions,BE01-T-H-4,HIGH,"A typical business transports or distributes goods, materials or people as a key activity","e.g. freight, oil & gas transportation (includes cruises, airlines, train companies)",,,BE01-C-G-H-4,HIGH,General,"Our business transports or distributes goods, materials or people as a key activity",,,,,
,,BE05-T-H-1,HIGH,"A typical business manages, stores or distributes potentially harmful substances","e.g. chemical pesticides, certain pharmaceuticals, consumer electronics. Some substances are known to be toxic to people and organisms. Other substances may not seem immediately harmful, but if nature cannot break them down rapidly they may – through gaseous, liquid or solid emissions – systematically build up in the environment to dangerous levels e.g. cadmium, CFCs, NOx, POPs, EDCs and aerosols. See BE05: Operational Emissions Action Guide (p.9) for full guidance on identifying harmful emissions ",,,BE05-C-G-H-1,HIGH,General,"Our business manages, stores or distributes potentially harmful substances",,,,,
,,BE05-T-H-2,HIGH,A typical business uses significant quantities of potentially harmful substances as a product input or operational input,,,,BE05-C-G-H-2,HIGH,General,Our business uses significant quantities of potentially  harmful substances as a product input or operational input,,,,,
,,BE05-T-H-3,HIGH,A typical business generates significant quantities of potentially harmful substances as an operational by-product,,,,BE05-C-G-H-3,HIGH,General,Our business generates significant quantities of potentially harmful substances as an operational by-product,,,,,
,,BE01-T-H-1,HIGH,A typical business is dependent on fossil fuels as a key operational input,"e.g. requires coal to fuel a furnace, or gas for heating (includes metal refining), heavy machinery or vehicles dependent on fossil-fuels ",,,BE01-C-G-H-1,HIGH,industry-specific,Our business is dependent on fossil fuels as a key operational input,,,,,
,,BE05-T-H-4,HIGH,A typical business builds physical infrastructure,e.g. construction companies,,,BE05-C-G-H-4,HIGH,industry-specific,Our business builds physical infrastructure,,,,,
,,BE05-T-H-5,HIGH,A typical business's activities lead to a significant risk of spills or leaks,"e.g. industrial gas or other chemical production, oil & gas production and transportation",,,BE05-C-G-H-5,HIGH,industry-specific,Our business's activities lead to a significant risk of spills or leaks,,,,,
,,BE05-T-L-1,LOW,A typical business delivers services which do not emit harmful substances or require the use of heavy machinery,"e.g. financial services, consulting",,,BE05-C-G-L-1,LOW,General,Our business delivers services which do not emit harmful substances or require the use of heavy machinery,,,,,
,,BE05-T-L-2,LOW,A typical business only creates virtual products without emitting harmful substances,e.g. IT and software services,,,BE05-C-G-L-2,LOW,General,Our business only creates virtual products without emitting harmful substances ,,,,,
,,BE05-T-L-3,LOW,A typical business only sells physical goods which it does not manufacture itself,e.g. supermarkets and department stores,,,BE05-C-G-L-3,LOW,General,Our business only sells physical goods which we do not manufacture ourselves ,,,,,
,,,,,,,,BE05-C-P-L-1,LOW,Performance,"Our Non-GHG Emissions progress indicators are 90% or more, in line with Future-Fit Criteria",,,,,
,,,,,,,,BE05-C-P-U-1,UNLIKELY,Performance,"Our Non-GHG Emissions progress indicators are 100%, in line with Future-Fit Criteria",,,,,
BE06,GHG Emissions,BE01-T-H-2,HIGH,A typical business transforms the chemical or physical structure of materials with extreme temperatures at scale,"e.g. converting methane or naphtha into ammonia, or petroleum into polymers for plastic manufacturing",,,BE01-C-G-H-2,HIGH,Industry-specific,Our business transforms the chemical or physical structure of materials with extreme temperatures at scale,,,,,
,,BE01-T-H-3,HIGH,"A typical business depends on multiple stages of automated, machine-based labour",e.g. an industry where processes are completed largely by machinery rather than human labour (includes most manufacturing industries),,,BE01-C-G-H-3,HIGH,Industry-specific,"Our business depends on multiple stages of automated, machine-based labour",,,,,
,,BE01-T-H-4,HIGH,"A typical business transports or distributes goods, materials or people as a key activity","e.g. freight, oil & gas transportation (includes cruises, airlines, train companies)",,,BE01-C-G-H-4,HIGH,General,"Our business transports or distributes goods, materials or people as a key activity",,,,,
,,BE01-T-H-5,HIGH,A typical business depends on significant quantities of technological equipment ,"e.g. an industry heavily dependent on data servers or telecommunications (includes technology companies, financial exchanges & investment banks)",,,BE01-C-G-H-5,HIGH,Industry-specific,Our business depends on significant quantities of technological equipment ,,,,,
,,BE01-T-H-6,HIGH,A typical business requires a specialized environment which depends on high energy input for its maintenance ,"e.g. pristinely clean, high or low temperatures, or specialized ventilation, such as for semiconductor manufacturing ",,,BE01-C-G-H-6,HIGH,Industry-specific,Our business requires a specialized environment which depends on high energy input for its maintenance ,,,,,
,,BE06-T-H-1,HIGH,A typical business generates energy from fossil fuels,e.g. non-renewable energy utilities and industries which produce their own energy on-site,,,BE06-C-G-H-1,HIGH,Industry-specific,Our business generates energy from fossil fuels,,,,,
,,BE01-T-H-1,HIGH,A typical business is dependent on fossil fuels as a key operational input,"e.g. requires coal to fuel a furnace, or gas for heating (includes metal refining), heavy machinery or vehicles dependent on fossil-fuels ",,,BE01-C-G-H-1,HIGH,Industry-specific,Our business is dependent on fossil fuels as a key operational input,,,,,
,,BE06-T-H-2,HIGH,A typical business emits significant greenhouse gases as an operational by-product,"e.g. cement production emits carbon dioxide, livestock production results in methane emissions",,,BE06-C-G-H-2,HIGH,Industry-specific,Our business emits significant greenhouse gases as an operational by-product,,,,,
,,,,,,,,BE06-C-P-L-1,LOW,Performance,"Our GHG Emissions progress indicator is 90% or more, in line with Future-Fit Criteria",,,,,
,,,,,,,,BE06-C-P-U-1,UNLIKELY,Performance,"Our GHG Emissions progress indicator is 100%, in line with Future-Fit Criteria",,,,,
BE07,Waste,BE07-T-H-1,HIGH,A typical business produces significant quantities of operational by-products,"e.g. many manufacturing industries such as textiles,  where material cut-offs are not repurposed",,,BE07-C-G-H-1,HIGH,industry-specific,Our business produces significant quantities of operational by-products ,,,,,
,,BE07-T-H-2,HIGH,A typical business's operations generate significant quantities of hazardous waste,"e.g. heavy industry such as construction,  machinery, industrial gases or nuclear plants produce hazardous waste",,,BE07-C-G-H-2,HIGH,industry-specific,Our operations generate significant quantities of hazardous waste,,,,,
,,BE07-T-H-3,HIGH,A typical business depends on perishable product inputs,e.g. food-based products ,,,BE07-C-G-H-3,HIGH,industry-specific,Our business depends on perishable product inputs,,,,,
,,BE07-T-H-4,HIGH,A typical business's products are perishable,e.g. pharmaceuticals,,,BE07-C-G-H-4,HIGH,industry-specific,Our products are perishable,,,,,
,,BE07-T-L-1,LOW,"A typical business does not produce physical goods, or only delivers services which do not rely on the consumption of physical goods","e.g. professional services, telecommunications, digital media",,,BE07-C-G-L-1,LOW,General,"Our business does not produce physical goods, or only delivers services which do not rely on the consumption of physical goods",,,,,
,,BE07-T-L-2,LOW,A typical business only generates operational by-products that are widely repurposed,"e.g. jewellery, metals",,,BE07-C-G-L-2,LOW,General,Our business only generates operational by-products that are widely repurposed ,,,,,
,,,,,,,,BE07-C-P-L-1,LOW,Performance,"Our Operational Waste progress indicator is 90% or more, in line with Future-Fit Criteria",,,,,
,,,,,,,,BE07-C-P-U-1,UNLIKELY,Performance,"Our Operational Waste progress indicator is 100%, in line with Future-Fit Criteria",,,,,
BE08,Encroachment,BE03-T-H-1,HIGH,A typical business extracts natural resources from the earth,"e.g. metals, minerals and fossil fuels",,,BE03-C-G-H-1,HIGH,Industry-specific,Our business extracts natural resources from the earth,,,,,
,,BE03-T-H-2,HIGH,"A typical business cultivates plants or trees, or rears animals","e.g. wheat, dairy, beef",,,BE03-C-G-H-2,HIGH,Industry-specific,"Our business cultivates plants or trees, or rears animals",,,,,
,,BE03-T-H-3,HIGH,A typical business harvests plants or animals from the wild,"e.g. fishing, hunting",,,BE03-C-G-H-3,HIGH,Industry-specific,Our business harvests plants or animals from the wild,,,,,
,,BE03-T-H-4,HIGH,A typical business owns or manages large swathes of land,"e.g. prospective construction (buying up plots), stewardship of parklands and forests, and tourism, where the main attraction is the presence of natural resources such as high biodiversity",,,BE03-C-G-H-4,HIGH,Industry-specific,Our business owns or manages large swathes of land,,,,,
,,BE05-T-H-4,HIGH,A typical business builds physical infrastructure,e.g. construction companies,,,BE05-C-G-H-4,HIGH,Industry-specific,Our business builds physical infrastructure,,,,,
,,BE08-T-H-1,HIGH,A typical business is likely to negotiate with governing bodies or local communities for rights to resources or land,"e.g. mining and oil industries have been known to negotiate with governments for access to land, at the expense of local communities",,,BE08-C-G-H-1,HIGH,Industry-specific,Our business negotiates with governing bodies or local communities for rights to resources or land,,,,,
,,BE08-T-H-2,HIGH,A typical business is likely to operate in or near areas of high biodiversity or cultural value,"e.g. cultivating crops which grow best in tropical conditions, increasing the risk of use of deforested land",,,BE08-C-G-H-2,HIGH,General,Our business operates in or near areas of high biodiversity or cultural value,,,,,
,,BE08-T-L-1,LOW,A typical business's activities predominantly take place in built-up areas,e.g. knowledge-based services,,,BE08-C-G-L-1,LOW,General,Our business activities only take place in built-up areas,,,,,
,,,,,,,,BE08-C-P-L-1,LOW,Performance,"Our Physical Presence progress indicator is 90% or more, in line with Future-Fit Criteria",,,,,
,,,,,,,,BE08-C-P-U-1,UNLIKELY,Performance,"Our Physical Presence progress indicator is 100%, in line with Future-Fit Criteria",,,,,
BE09,Community health,BE05-T-H-1,HIGH,"A typical business manages, stores or distributes potentially harmful substances","e.g. chemical pesticides, certain pharmaceuticals, consumer electronics. Some substances are known to be toxic to people and organisms. Other substances may not seem immediately harmful, but if nature cannot break them down rapidly they may – through gaseous, liquid or solid emissions – systematically build up in the environment to dangerous levels e.g. cadmium, CFCs, NOx, POPs, EDCs and aerosols. See BE05: Operational Emissions Action Guide (p.9) for full guidance on identifying harmful emissions ",,,BE05-C-G-H-1,HIGH,General,"Our business manages, stores or distributes potentially harmful substances",,,,,
,,BE05-T-H-2,HIGH,A typical business uses significant quantities of potentially harmful substances as a product input or operational input,,,,BE05-C-G-H-2,HIGH,General,Our business uses significant quantities of potentially  harmful substances as a product input or operational input,,,,,
,,BE05-T-H-3,HIGH,A typical business generates significant quantities of potentially harmful substances as an operational by-product,,,,BE05-C-G-H-3,HIGH,General,Our business generates significant quantities of potentially harmful substances as an operational by-product,,,,,
,,BE09-T-H-1,HIGH,A typical business's use of local natural resources (including water) has the potential to increase prices and/or hinder community access,"e.g. agriculture, textile dyeing, beverages",,,BE09-C-G-H-1,HIGH,Industry-specific,Our use of local natural resources (including water) has the potential to increase prices and/or hinder community access,,,,,
,,BE09-T-H-2,HIGH,A typical business relies on significant amounts of local labour which may impact living costs and create local economic dependency,"e.g. mining companies may employ significant quantities of local labour for a set period of time, creating economic dependency and lack of resilience should the company leave",,,BE09-C-G-H-2,HIGH,Industry-specific,Our business relies on significant amounts of local labour which may impact living costs and create local economic dependency,,,,,
,,BE05-T-H-4,HIGH,A typical business builds physical infrastructure,e.g. construction companies,,,BE05-C-G-H-4,HIGH,Industry-specific,Our business builds physical infrastructure,,,,,
,,BE09-T-H-3,HIGH,A typical business requires the repeated acquisition or control of new land,e.g. real estate development,,,BE09-C-G-H-3,HIGH,Industry-specific,Our business requires the repeated acquisition or control of new land,,,,,
,,BE08-T-H-1,HIGH,A typical business is likely to negotiate with governing bodies or local communities for rights to resources or land,"e.g. mining and oil industries have been known to negotiate with governments for access to land, at the expense of local communities",,,BE08-C-G-H-1,HIGH,Industry-specific,Our business negotiates with governing bodies or local communities for rights to resources or land,,,,,
,,BE09-T-H-4,HIGH,A typical business could have the potential to disrupt local activities and livelihoods,"e.g. GMO crops which contaminate local crops, disrupting ecosystems; fracking which disrupts ecosystems and presents significant noise disruption; extraction of local genetic resources, such as plants with medicinal properties",,,BE09-C-G-H-4,HIGH,Industry-specific,Our activities could have the potential to disrupt local activities and livelihoods,,,,,
,,,,,,,,BE09-C-S-H-1,HIGH,Activity,"Within the last 5 years, Our business has faced one or more lawsuits pertaining to its impact on communities",,,,,
,,BE09-T-L-1,LOW,A typical business’s operations only take place in built-up areas and do not involve any activity which is likely to generate pollution,"e.g. knowledge-based services, apparel retail",,,BE09-C-G-L-1,LOW,General,Our operations only take place in built-up areas and do not involve any activity which is likely to generate pollution,,,,,
,,BE05-T-L-3,LOW,A typical business only sells physical goods which it does not manufacture itself,e.g. supermarkets and department stores,,,BE05-C-G-L-3,LOW,General,Our business only sells physical goods which we do not manufacture ourselves ,,,,,
,,BE05-T-L-2,LOW,A typical business only creates virtual products without emitting harmful substances,e.g. IT and software services,,,BE05-C-G-L-2,LOW,General,Our business only creates virtual products without emitting harmful substances ,,,,,
,,,,,,,,BE09-C-P-L-1,LOW,Performance,"Our Community Engagement progress indicator is 90% or more, in line with Future-Fit Criteria",,,,,
,,,,,,,,BE09-C-P-U-1,UNLIKELY,Performance,"Our Community Engagement progress indicator is 100%, in line with Future-Fit Criteria",,,,,
BE10,Employee health,BE10-T-H-1,HIGH,A typical business’s activities could expose employees to hazardous substances,"e.g. chemical manufacturing, electronics manufacturing",,,BE10-C-G-H-1,HIGH,General,Our activities could expose employees to hazardous substances,,,,,
,,BE10-T-H-2,HIGH,A typical business’s activities could repeatedly expose employees to substances which have harmful effects over time ,"e.g. cosmetic manufacturing, where chemicals considered safe at low levels  (and are used in products as such) are present in elevated quantities in manufacturing environments",,,BE10-C-G-H-2,HIGH,General,Our activities could repeatedly expose employees to substances which may have harmful effects over time ,,,,,
,,BE10-T-H-3,HIGH,"A typical business's activities could expose employees to highly reactive substances, increasing risk of accident","e.g. chemical manufacturing and distribution, due to presence of explosive gases",,,BE10-C-G-H-3,HIGH,Industry-specific,"Our activities could expose employees to highly reactive substances, increasing risk of accident",,,,,
,,BE10-T-H-4,HIGH,A typical business requires the use of heavy machinery,e.g. industrial manufacturing,,,BE10-C-G-H-4,HIGH,Industry-specific,Our activities require the use of heavy machinery,,,,,
,,BE10-T-H-5,HIGH,A typical business's activities involve repetitive manual labour,"e.g. agriculture, construction",,,BE10-C-G-H-5,HIGH,Industry-specific,Our activities involve repetitive manual labour,,,,,
,,BE10-T-H-6,HIGH,A typical business routinely requires employees to work overtime (more than 40 hours a week),"e.g. consulting, financial services",,,BE10-C-G-H-6,HIGH,General,Our business routinely requires employees to work overtime (more than 40 hours a week),,,,,
,,BE10-T-H-7,HIGH,A typical business could routinely expose employees to psychologically challenging situations,"e.g. care homes, prisons, therapy",,,BE10-C-G-H-7,HIGH,Industry-specific,Our activities could routinely expose employees to psychologically challenging situations,,,,,
,,,,,,,,BE10-C-S-H-1,HIGH,Activity,A significant proportion of our employees have little autonomy (discretion to determine what they do and how they do it),,,,,
,,,,,,,,BE10-C-P-L-1,LOW,Performance,"Our Employee Health progress indicator is 90% or more, in line with Future-Fit Criteria",,,,,
,,,,,,,,BE10-C-P-U-1,UNLIKELY,Performance,"Our Employee Health progress indicator is 100%, in line with Future-Fit Criteria",,,,,
BE11,Living wage,BE11-T-H-1,HIGH,"A typical business's wages include non-guaranteed elements, resulting in unpredictable income","e.g. jewellery manufacturing  due to piece-rate pay, other industries with high dependence on commissions, tips and bonuses",,,BE11-C-G-H-1,HIGH,General,"Our business's wages include non-guaranteed elements, resulting in unpredictable income",,,,,
,,BE11-T-H-2,HIGH,A typical business has a significant proportion of dependent contractors,"e.g. construction, delivery and distribution",,,BE11-C-G-H-2,HIGH,General,Our business has a significant proportion of dependent contractors,,,,,
,,BE11-T-H-3,HIGH,A typical business has a significant proportion of  temporary workers,"e.g. significant use of seasonal workers, such as in  retail & leisure",,,BE11-C-G-H-3,HIGH,General,Our business has a significant proportion of temporary workers,,,,,
,,BE11-T-H-4,HIGH,A typical business has a significant proportion of migrant workers who may not have access to adequate social protections,"A migrant worker is a person who moves to another country or area in order to find employment, in particular for seasonal or temporary work (e.g. food processing, construction, services industries). 

e.g. food processing, construction, services industries",,,BE11-C-G-H-4,HIGH,General,Our business has a significant proportion of migrant workers who may not have access to adequate social protections,,,,,
,,BE11-T-H-5,HIGH,A typical business has a significant proportion of employees carrying out low-skilled labour,"e.g. manufacturing, agriculture, retail",,,BE11-C-G-H-5,HIGH,General,Our business has a significant proportion of employees carrying out low-skilled labour,,,,,
,,BE11-T-H-6,HIGH,A typical business has a significant proportion of employees on zero hour contracts,e.g. retail and leisure,,,BE11-C-G-H-6,HIGH,General,Our business has a significant proportion of employees on zero hour contracts,,,,,
,,BE11-T-H-7,HIGH,A typical business is part of the gig-economy,The gig-economy is characterized by the prevalence of short-term contracts or freelance work as opposed to permanent jobs (e.g. delivery or taxi drivers who own their vehicles),,,BE11-C-G-H-7,HIGH,General,Our business is part of the gig-economy,,,,,
,,BE11-T-H-8,HIGH,A typical business depends on apprenticeship or internship-based labour,e.g. craftsmanship,,,BE11-C-G-H-8,HIGH,General,Our business depends on apprenticeship or internship-based labour,,,,,
,,BE11-T-L-1,LOW,The vast majority of a typical business's employees are high-skilled and well paid,"e.g. financial, consulting and legal services, research and development",,,BE11-C-G-L-1,LOW,General,The vast majority of our employees are high-skilled and well paid,,,,,
,,,,,,,,BE11-C-S-L-1,LOW,Activity,"Our lowest paid employee earns more than the local average salary, in all countries of operation",,,,,
,,,,,,,,BE11-C-P-L-1,LOW,Performance,"Our Living Wage progress indicator is 90% or more, in line with Future-Fit Criteria",,,,,
,,,,,,,,BE11-C-P-U-1,UNLIKELY,Performance,"Our Living Wage progress indicator is 100%, in line with Future-Fit Criteria",,,,,
BE12,Employment terms,BE11-T-H-2,HIGH,A typical business has a significant proportion of dependent contractors,"e.g. construction, delivery and distribution",,,BE11-C-G-H-2,HIGH,General,Our business has a significant proportion of dependent contractors,,,,,
,,BE11-T-H-3,HIGH,A typical business has a significant proportion of  temporary workers,"e.g. significant use of seasonal workers, such as in retail & leisure",,,BE11-C-G-H-3,HIGH,General,Our business has a significant proportion of temporary workers,,,,,
,,BE11-T-H-4,HIGH,A typical business has a significant proportion of migrant workers who may not have access to adequate social protections,"A migrant worker is a person who moves to another country or area in order to find employment, in particular for seasonal or temporary work (e.g. food processing, construction, services industries). 

e.g. food processing, construction, services industries",,,BE11-C-G-H-4,HIGH,General,Our business has a significant proportion of migrant workers who may not have access to adequate social protections,,,,,
,,BE11-T-H-5,HIGH,A typical business has a significant proportion of employees carrying out low-skilled labour,"e.g. manufacturing, agriculture, retail",,,BE11-C-G-H-5,HIGH,General,Our business has a significant proportion of employees carrying out low-skilled labour,,,,,
,,BE12-T-H-1,HIGH,A typical business is associated with the risk of child or forced labour,"e.g. mining of precious metals, agricultural production",,,BE12-C-G-H-1,HIGH,Industry-specific,Our business has identified a risk of child or forced labour,,,,,
,,BE11-T-H-6,HIGH,A typical business has a significant proportion of employees on zero hour contracts,e.g. retail and leisure,,,BE11-C-G-H-6,HIGH,General,Our business has a significant proportion of employees on zero hour contracts,,,,,
,,BE11-T-H-8,HIGH,A typical business depends on apprenticeship or internship-based labour,e.g. craftsmanship,,,BE11-C-G-H-8,HIGH,General,Our business depends on apprenticeship or internship-based labour,,,,,
,,BE11-T-H-7,HIGH,A typical business is part of the gig-economy,The gig-economy is characterized by the prevalence of short-term contracts or freelance work as opposed to permanent jobs (e.g. delivery or taxi drivers who own their vehicles),,,BE11-C-G-H-7,HIGH,General,Our business is part of the gig-economy,,,,,
,,BE10-T-H-6,HIGH,A typical business routinely requires employees to work overtime (more than 40 hours a week),"e.g. consulting, financial services",,,BE10-C-G-H-6,HIGH,General,Our business routinely requires employees to work overtime (more than 40 hours a week),,,,,
,,,,,,,,BE12-C-P-L-1,LOW,Performance,"Our Employment Terms progress indicator is 90% or more, in line with Future-Fit Criteria",,,,,
,,,,,,,,BE12-C-P-U-1,UNLIKELY,Performance,"Our Employment Terms progress indicator is 100%, in line with Future-Fit Criteria",,,,,
BE13,Discrimination,BE13-T-H-1,HIGH,A significant proportion of employees are women or minority groups who may require additional protection against discrimination,e.g. textile manufacturing,,,BE13-C-G-H-1,HIGH,General,A significant proportion of Our business’s employees are women or minority groups who may require additional protection against discrimination,,,,,
,,BE11-T-H-4,HIGH,A typical business has a significant proportion of migrant workers who may not have access to adequate social protections,"A migrant worker is a person who moves to another country or area in order to find employment, in particular for seasonal or temporary work (e.g. food processing, construction, services industries). 

e.g. food processing, construction, services industries",,,BE11-C-G-H-4,HIGH,General,Our business has a significant proportion of migrant workers who may not have access to adequate social protections,,,,,
,,,,,,,,BE13-C-S-H-1,HIGH,Activity,Our board/management has a highly homogenous demographic with regards to gender or ethnicity,,,,,
,,,,,,,,BE13-C-O-H-1,HIGH,Operating context,"Our countries of operation permit, or even require, explicitly discriminatory business practices",,,,,
,,,,,,,,BE13-C-P-L-1,LOW,Performance,"Our Employee Discrimination progress indicator is 90% or more, in line with Future-Fit Criteria",,,,,
,,,,,,,,BE13-C-P-U-1,UNLIKELY,Performance,"Our Employee Discrimination progress indicator is 100%, in line with Future-Fit Criteria",,,,,
BE14,Employee concerns,BE10-T-H-1,HIGH,A typical business’s activities could expose employees to hazardous substances,"e.g. chemical manufacturing, electronics manufacturing",,,BE10-C-G-H-1,HIGH,Industry-specific,Our activities could expose employees to hazardous substances,,,,,
,,BE10-T-H-2,HIGH,A typical business’s activities could repeatedly expose employees to substances which have harmful effects over time ,"e.g. cosmetic manufacturing, where chemicals considered safe at low levels  (and are used in products as such) are present in elevated quantities in manufacturing environments",,,BE10-C-G-H-2,HIGH,Industry-specific,Our activities could repeatedly expose employees to substances which may have harmful effects over time ,,,,,
,,BE10-T-H-3,HIGH,"A typical business's activities could expose employees to highly reactive substances, increasing risk of accident","e.g. chemical manufacturing and distribution, due to presence of explosive gases",,,BE10-C-G-H-3,HIGH,Industry-specific,"Our activities could expose employees to highly reactive substances, increasing risk of accident",,,,,
,,BE10-T-H-4,HIGH,A typical business requires the use of heavy machinery,e.g. industrial manufacturing,,,BE10-C-G-H-4,HIGH,Industry-specific,Our activities require the use of heavy machinery,,,,,
,,BE10-T-H-5,HIGH,A typical business's activities involve repetitive manual labour,"e.g. agriculture, construction",,,BE10-C-G-H-5,HIGH,Industry-specific,Our activities involve repetitive manual labour,,,,,
,,BE10-T-H-6,HIGH,A typical business routinely requires employees to work overtime (more than 40 hours a week),"e.g. consulting, financial services",,,BE10-C-G-H-6,HIGH,General,Our business routinely requires employees to work overtime (more than 40 hours a week),,,,,
,,BE10-T-H-7,HIGH,A typical business could routinely expose employees to psychologically challenging situations,"e.g. care homes, prisons, therapy",,,BE10-C-G-H-7,HIGH,General,Our activities could routinely expose employees to psychologically challenging situations,,,,,
,,BE11-T-H-1,HIGH,"A typical business's wages include non-guaranteed elements, resulting in unpredictable income","e.g. jewellery manufacturing due to piece-rate pay, other industries with high dependence on commissions, tips and bonuses",,,BE11-C-G-H-1,HIGH,General,"Our business's wages include non-guaranteed elements, resulting in unpredictable income",,,,,
,,BE11-T-H-2,HIGH,A typical business has a significant proportion of dependent contractors,"e.g. construction, delivery and distribution",,,BE11-C-G-H-2,HIGH,General,Our business has a significant proportion of dependent contractors,,,,,
,,BE11-T-H-3,HIGH,A typical business has a significant proportion of  temporary workers,"e.g. significant use of seasonal workers, such as in retail & leisure",,,BE11-C-G-H-3,HIGH,General,Our business has a significant proportion of temporary workers,,,,,
,,BE11-T-H-4,HIGH,A typical business has a significant proportion of migrant workers who may not have access to adequate social protections,"A migrant worker is a person who moves to another country or area in order to find employment, in particular for seasonal or temporary work (e.g. food processing, construction, services industries). 

e.g. food processing, construction, services industries",,,BE11-C-G-H-4,HIGH,General,Our business has a significant proportion of migrant workers who may not have access to adequate social protections,,,,,
,,BE11-T-H-5,HIGH,A typical business has a significant proportion of employees carrying out low-skilled labour,"e.g. manufacturing, agriculture, retail",,,BE11-C-G-H-5,HIGH,General,Our business has a significant proportion of employees carrying out low-skilled labour,,,,,
,,BE12-T-H-1,HIGH,A typical business is associated with the risk of child or forced labour,"e.g. mining of precious metals, agricultural production",,,BE12-C-G-H-1,HIGH,Industry-specific,Our business has identified a risk of child or forced labour,,,,,
,,BE11-T-H-6,HIGH,A typical business has a significant proportion of employees on zero hour contracts,e.g. retail and leisure,,,BE11-C-G-H-6,HIGH,General,Our business has a significant proportion of employees on zero hour contracts,,,,,
,,BE11-T-H-8,HIGH,A typical business depends on apprenticeship or internship-based labour,e.g. craftsmanship,,,BE11-C-G-H-8,HIGH,General,Our business depends on apprenticeship or internship-based labour,,,,,
,,BE11-T-H-7,HIGH,A typical business is part of the gig-economy,The gig-economy is characterized by the prevalence of short-term contracts or freelance work as opposed to permanent jobs (e.g. delivery drivers),,,BE11-C-G-H-7,HIGH,General,Our business is part of the gig-economy,,,,,
,,BE13-T-H-1,HIGH,A significant proportion of employees are women or minority groups who may require additional protection against discrimination,e.g. textile manufacturing,,,BE13-C-G-H-1,HIGH,General,A significant proportion of Our business’s employees are women or minority groups who may require additional protection against discrimination,,,,,
,,BE14-T-H-1,HIGH,A typical business is highly dependent on confidentiality,"e.g. success within the industry is  dependent on  intellectual property rights, such as technological patents. Industry uses personal data, such as financial services",,,BE14-C-G-H-1,HIGH,Industry-specific,Our business is highly dependent on confidentiality,,,,,
,,,,,,,,BE13-C-S-H-1,HIGH,Activity,Our board/management has a highly homogenous demographic with regards to gender or ethnicity,,,,,
,,,,,,,,BE13-C-O-H-1,HIGH,Operating context,"Our countries of operation permit, or even require, explicitly discriminatory business practices",,,,,
,,,,,,,,BE10-C-S-H-1,HIGH,Activity,A significant proportion of our employees have little autonomy (discretion to determine what they do and how they do it),,,,,
,,,,,,,,BE14-C-P-L-1,LOW,Performance,"Our Employee Engagement progress indicator is 90% or more, in line with Future-Fit Criteria",,,,,
,,,,,,,,BE14-C-P-U-1,UNLIKELY,Performance,"Our Employee Engagement progress indicator is 100%, in line with Future-Fit Criteria",,,,,
BE15,Product communications,BE15-T-H-1,HIGH,"A typical business's products are likely to cause harm to people or environment if misused, and are sold to consumers rather than other businesses","e.g. this is likely to apply where products are likely to be encountered by  vulnerable groups such as children (e.g. household appliances), or where the product requires a high level of skill (e.g. a car)",,,BE15-C-G-H-1,HIGH,Industry-specific,"Our products are likely to cause harm to people or environment if misused, and are sold to consumers rather than other businesses",,,,,
,,BE15-T-H-2,HIGH,A typical business's products are complex and not readily understood by customers,"e.g. a product is complex, if the terms of use, and/or the features and risks associated with use are not reasonably likely to be understood by the user without explanation ( e.g. industrial machinery, financial services)",,,BE15-C-G-H-2,HIGH,Industry-specific,Our products are complex and not readily understood by our customers,,,,,
,,BE15-T-H-3,HIGH,A typical business's  products are likely to cause harm to people or environment if disposed of improperly,e.g. electronic waste,,,BE15-C-G-H-3,HIGH,Industry-specific,Our products are likely to cause harm to people or environment if disposed of improperly,,,,,
,,BE15-T-H-4,HIGH,A typical business's products are intended for consumption or contact with human skin,"e.g. food, cosmetics, wearable technology",,,BE15-C-G-H-4,HIGH,Industry-specific,Our products are intended for consumption or contact with human skin,,,,,
,,BE15-T-H-5,HIGH,A typical business provides services which require the disclosure of personal or confidential information,"e.g. financial services, legal services, which require the disclosure of information for services to be carried out",,,BE15-C-G-H-5,HIGH,General,Our provides services which require the disclosure of personal or confidential information,,,,,
,,BE15-T-H-6,HIGH,"A typical business's product users are likely to be vulnerable groups such as children, the elderly, indigenous people","e.g. some social media used predominantly  by teenagers, children's toys, some financial services products",,,BE15-C-G-H-6,HIGH,General,"Users of our products are likely to be vulnerable groups such as children, the elderly, indigenous people",,,,,
,,BE17-T-H-8,HIGH,A typical business's products may be addictive,"e.g. tobacco, alcohol, gambling",,,BE17-C-G-H-8,HIGH,Industry-specific,Our products may be addictive,,,,,
,,BE17-T-L-3,LOW,"A typical business's products are unlikely to cause harm to people or environment during intended use, if misused, or at end of life",e.g. books or other educational resources/services,,,BE17-C-G-L-3,LOW,Industry-specific,"Our products are unlikely to cause harm to people or environment during intended use, if misused, or at end of life",,,,,
,,BE15-T-L-2,LOW,"A typical business sells products to other businesses, with low risk of product misuse",e.g. semiconductors (they are fitted inside electronic products which are  sold to customers),,,BE15-C-G-L-2,LOW,General,"We only sell products to other businesses, with low risk of product misuse",,,,,
,,,,,,,,BE15-C-P-L-1,LOW,Performance,"Our Product Communications progress indicator is 90% or more, in line with Future-Fit Criteria",,,,,
,,,,,,,,BE15-C-P-U-1,UNLIKELY,Performance,"Our Product Communications progress indicator is 100%, in line with Future-Fit Criteria",,,,,
BE16,Product concerns,BE15-T-H-1,HIGH,"A typical business's products are likely to cause harm to people or environment if misused, and are sold to consumers rather than other businesses","e.g. this is likely to apply where products are likely to be encountered by  vulnerable groups such as children (e.g. household appliances), or where the product requires a high level of skill (e.g. a car)",,,BE15-C-G-H-1,HIGH,Industry-specific,"Our products are likely to cause harm to people or environment if misused, and are sold to consumers rather than other businesses",,,,,
,,BE15-T-H-2,HIGH,A typical business's products are complex and not readily understood by customers,"e.g. a product is complex, if the terms of use, and/or the features and risks associated with use are not reasonably likely to be understood by the user ( e.g. industrial machinery, financial services)",,,BE15-C-G-H-2,HIGH,Industry-specific,Our products are complex and not readily understood by our customers,,,,,
,,BE15-T-H-3,HIGH,A typical business's  products are likely to cause harm to people or environment if disposed of improperly,e.g. electronic waste,,,BE15-C-G-H-3,HIGH,Industry-specific,Our products are likely to cause harm to people or environment if disposed of improperly,,,,,
,,BE15-T-H-4,HIGH,A typical business's products are intended for consumption or contact with human skin,"e.g. food, cosmetics, wearable technology",,,BE15-C-G-H-4,HIGH,Industry-specific,Our products are intended for consumption or contact with human skin,,,,,
,,BE15-T-H-5,HIGH,A typical business provides services which require the disclosure of personal or confidential information,"e.g. financial services, legal services, which require the disclosure of information for services to be carried out",,,BE15-C-G-H-5,HIGH,General,Our business provides services which require the disclosure of personal or confidential information,,,,,
,,BE15-T-H-6,HIGH,"A typical business's product users are likely to be vulnerable groups such as children, the elderly, indigenous people","e.g.  social media used predominantly  by teenagers, children's toys, some financial services products",,,BE15-C-G-H-6,HIGH,Industry-specific,"Users of our products are likely to be vulnerable groups such as children, the elderly, indigenous people",,,,,
,,BE17-T-H-1,HIGH,A typical business's products might contain harmful substances," e.g. POPs, EDCs, radioactive materials, certain metal compounds like mercury, lead, zinc and cadmium, and aerosols. See BE17: Product Harm Action Guide, p.19 for a full guidance on identifying substances of concern",,,BE17-C-G-H-1,HIGH,Industry-specific,Our products might contain harmful substances,,,,,
,,BE17-T-H-2,HIGH,A typical business's goods or services can be purposefully used to injure or incapacitate someone,e.g. weapons,,,BE17-C-G-H-2,HIGH,Industry-specific,Some of our products can be purposefully used to injure or incapacitate someone,,,,,
,,BE17-T-H-3,HIGH,A typical business's goods are designed for human consumption or ingestion and could increase long-term health risks,"e.g. tobacco, alcohol",,,BE17-C-G-H-3,HIGH,Industry-specific,Our products are designed for human consumption or ingestion and could increase long-term health risks,,,,,
,,BE17-T-H-4,HIGH,A typical business's goods emit potentially harmful substances during use or at end of life,"e.g. diesel or petrol cars, machinery dependent on fossil fuel combustion, chemical fertiliser and pesticides",,,BE17-C-G-H-4,HIGH,Industry-specific,Our products emit potentially harmful substances during use or at end of life,,,,,
,,BE17-T-H-5,HIGH,A typical business's goods or services perpetuate reliance on fossil-fuel-dependent infrastructure,"e.g. oil and gas exploration, manufacture of equipment dependent on fossil fuel combustion",,,BE17-C-G-H-5,HIGH,Industry-specific,Our products or services perpetuate reliance on fossil-fuel-dependent infrastructure,,,,,
,,BE17-T-H-6,HIGH,A typical business's goods or services could significantly disrupt ecosystems,"e.g. tourism, shipping",,,BE17-C-G-H-6,HIGH,Industry-specific,Our goods or services could significantly disrupt ecosystems,,,,,
,,BE17-T-H-7,HIGH,A typical business produces intermediate goods which are typically used to create final products that are likely to cause harm,"e.g. diesel engines for use in machinery, components of explosives or defense equipment",,,BE17-C-G-H-7,HIGH,Industry-specific,Our business produces intermediate goods which are typically used to create final products that are likely to cause harm,,,,,
,,BE17-T-H-8,HIGH,A typical business's products may be addictive,"e.g. tobacco, alcohol, gambling",,,BE17-C-G-H-8,HIGH,Industry-specific,Our products may be addictive,,,,,
,,,,,,,,BE16-C-S-H-1,HIGH,Activity,Our business holds a dominant position in the market,,,,,
,,BE17-T-L-3,LOW,"A typical business's products are unlikely to cause harm to people or environment during intended use, if misused, or at end of life",e.g. books or other educational resources/services,,,BE17-C-G-L-3,LOW,Industry-specific,"Our products are unlikely to cause harm to people or environment during intended use, if misused, or at end of life",,,,,
,,,,,,,,BE17-C-S-H-1,HIGH,Activity,We don't know the full composition of our physical products (down to 1000 ppm),,,,,
,,,,,,,,BE16-C-P-L-1,LOW,Performance,"Our Customer Engagement progress indicator is 90% or more, in line with Future-Fit Criteria",,,,,
,,,,,,,,BE16-C-P-U-1,UNLIKELY,Performance,"Our Customer Engagement progress indicator is 100%, in line with Future-Fit Criteria",,,,,
BE17,Product harm,BE17-T-H-1,HIGH,A typical business's products might contain harmful substances," e.g. POPs, EDCs, radioactive materials, certain metal compounds like mercury, lead, zinc and cadmium, and aerosols. See BE17: Product Harm Action Guide, p.19 for a full guidance on identifying substances of concern",,,BE17-C-G-H-1,HIGH,General,Our products might contain harmful substances,,,,,
,,BE17-T-H-2,HIGH,A typical business's goods or services can be purposefully used to injure or incapacitate someone,e.g. weapons,,,BE17-C-G-H-2,HIGH,Industry-specific,Some of our products can be purposefully used to injure or incapacitate someone,,,,,
,,BE17-T-H-3,HIGH,A typical business's goods are designed for human consumption or ingestion and could increase long-term health risks,"e.g. tobacco, alcohol",,,BE17-C-G-H-3,HIGH,Industry-specific,Our products are designed for human consumption or ingestion and could increase long-term health risks,,,,,
,,BE17-T-H-4,HIGH,A typical business's goods emit potentially harmful substances during use or at end of life,"e.g. diesel or petrol cars, machinery dependent on fossil fuel combustion, chemical fertiliser and pesticides",,,BE17-C-G-H-4,HIGH,Industry-specific,Our products emit potentially harmful substances during use or at end of life,,,,,
,,BE17-T-H-5,HIGH,A typical business's goods or services perpetuate reliance on fossil-fuel-dependent infrastructure,"e.g. oil and gas exploration, manufacture of equipment dependent on fossil fuel combustion",,,BE17-C-G-H-5,HIGH,Industry-specific,Our products or services perpetuate reliance on fossil-fuel-dependent infrastructure,,,,,
,,BE17-T-H-6,HIGH,A typical business's goods or services could significantly disrupt ecosystems,"e.g. tourism, shipping",,,BE17-C-G-H-6,HIGH,Industry-specific,Our goods or services could significantly disrupt ecosystems,,,,,
,,BE17-T-H-7,HIGH,A typical business produces intermediate goods which are typically used to create final products that are likely to cause harm,"e.g. diesel engines for use in machinery, components of explosives or defense equipment",,,BE17-C-G-H-7,HIGH,Industry-specific,Our business produces intermediate goods which are typically used to create final products that are likely to cause harm,,,,,
,,BE17-T-H-8,HIGH,A typical business's products may be addictive,"e.g. tobacco, alcohol, gambling",,,BE17-C-G-H-8,HIGH,Industry-specific,Our products may be addictive,,,,,
,,,,,,,,BE17-C-S-H-1,HIGH,Activity,We don't know the full composition of our physical products (down to 1000 ppm),,,,,
,,BE17-T-L-1,LOW,A typical business's products consist entirely of natural resources which have been minimally altered before onward sale and are unlikely to cause harm,"e.g. raw agricultural inputs, paper products",,,BE17-C-G-L-1,LOW,General,Our products consist entirely of natural resources which have been minimally altered before onward sale and are unlikely to cause harm,,,,,
,,BE17-T-L-2,LOW,"A typical business only offers services, and they do not have the potential to negatively impact the health of people or the environment (through its own actions or those of its clients)",e.g. leisure and other industries where service misuse is unlikely to result in harm,,,BE17-C-G-L-2,LOW,General,"Our business only offers services, and they do not have the potential to negatively impact the health of people or the environment (through our own actions or those of our clients)",,,,,
,,BE17-T-L-3,LOW,"A typical business's products are unlikely to cause harm to people or environment during intended use, if misused, or at end of life",e.g. books or other educational resources/services,,,BE17-C-G-L-3,LOW,Industry-specific,"Our products are unlikely to cause harm to people or environment during intended use, if misused, or at end of life",,,,,
,,,,,,,,BE17-C-P-L-1,LOW,Performance,"Our Product Characteristics progress indicators are 90% or more, in line with Future-Fit Criteria",,,,,
,,,,,,,,BE17-C-P-U-1,UNLIKELY,Performance,"Our Product Characteristics progress indicators are 100%, in line with Future-Fit Criteria",,,,,
BE18,Product GHGs,BE18-T-H-1,HIGH,A typical business's products depend on fossil fuels to operate ,"e.g. diesel or petrol cars, machinery dependent on fossil fuel combustion",,,BE18-C-G-H-1,HIGH,Industry-specific,Our products depend on fossil fuels to operate ,,,,,
,,BE18-T-H-2,HIGH,A typical business's products are themselves a greenhouse gas,"e.g. industrial gases such as carbon dioxide, methane and carbon monoxide",,,BE18-C-G-H-2,HIGH,Industry-specific,Our products are themselves a greenhouse gas,,,,,
,,BE18-T-H-3,HIGH,A typical business's sells combustible fossil fuels,"e.g. petroleum, diesel, kerosene",,,BE18-C-G-H-3,HIGH,Industry-specific,Our business sells combustible fossil fuels,,,,,
,,BE18-T-H-4,HIGH,A typical business's products contain greenhouse gases which may be emitted during use or at end of life,"e.g. household products which emit VOCs, refrigeration which emits CFCs",,,BE18-C-G-H-4,HIGH,Industry-specific,Our products contain greenhouse gases which may be emitted during use or at end of life,,,,,
,,BE18-T-H-5,HIGH,A typical business's services involve leasing machinery/equipment which depends on fossil fuels to operate,e.g. leased machinery or transport that runs on fossil fuels,,,BE18-C-G-H-5,HIGH,Industry-specific,Our services involve leasing machinery/equipment which depends on fossil fuels to operate,,,,,
,,BE18-T-L-1,LOW,A typical business's products force users to emit negligible amounts of greenhouse gases,"e.g. candles, scent diffusers",,,BE18-C-G-L-1,LOW,Activity,Our products force users to emit negligible amounts of greenhouse gases,,,,,
,,BE18-T-U-1,UNLIKELY,A typical business's products do not force the user to emit greenhouse gases during use or post-use,"e.g. clothes, furniture",,,BE18-C-G-U-1,UNLIKELY,General,Our products do not force the user to emit greenhouse gases during use or post-use,,,,,
,,,,,,,,BE18-C-P-L-1,LOW,Performance,"Our Product GHG Emissions progress indicator is 90% or more, in line with Future-Fit Criteria",,,,,
,,,,,,,,BE18-C-P-U-1,UNLIKELY,Performance,"Our Product GHG Emissions progress indicator is 100%, in line with Future-Fit Criteria",,,,,
BE19,Product repurposing,BE19-T-H-1,HIGH,A typical business's products or key components within products are designed for single or temporary use,"e.g. packaged foods, household products",,,BE19-C-G-H-1,HIGH,Industry-specific,Our products or key components within our products are designed for single or temporary use,,,,,
,,BE19-T-H-2,HIGH,A typical business's products contain significant quantities of valuable and/or scarce raw materials,e.g. lithium batteries,,,BE19-C-G-H-2,HIGH,Industry-specific,Our products contain significant quantities of valuable and/or scarce raw materials,,,,,
,,BE19-T-H-3,HIGH,A typical business's products require disassembly by the end user to be repurposed ,e.g. household appliances,,,BE19-C-G-H-3,HIGH,Industry-specific,The components of our products require disassembly by the end user to be repurposed,,,,,
,,BE19-T-H-4,HIGH,"A typical business's products cannot easily be repaired or upgraded, and are likely to need replacing every few years",e.g. household electronics and appliances,,,BE19-C-G-H-4,HIGH,Industry-specific,"Our products cannot easily be repaired or upgraded, and are likely to need replacing every few years",,,,,
,,BE19-T-L-1,LOW,A typical business does not sell physical goods,"e.g. virtual products, services",,,BE19-C-G-L-1,LOW,General,Our business does not sell physical goods,,,,,
,,BE19-T-L-2,LOW,A typical business's products are fully consumed by the user and require no or very little packaging,e.g. crops,,,BE19-C-G-L-2,LOW,General,Our products end up fully consumed by the user and require no or very little packaging,,,,,
,,BE19-T-L-3,LOW,A typical business sells natural resources or other homogeneous materials which can be widely repurposed,"e.g. metals, minerals and wood",,,BE19-C-G-L-3,LOW,General,Our business sells natural resources or other homogeneous materials which can be widely repurposed,,,,,
,,,,,,,,BE19-C-P-L-1,LOW,Performance,"Our Product Repurposing progress indicators are 90% or more, in line with Future-Fit Criteria",,,,,
,,,,,,,,BE19-C-P-U-1,UNLIKELY,Performance,"Our Product Repurposing progress indicators are 100%, in line with Future-Fit Criteria",,,,,
BE20,Business ethics,BE04-T-H-6,HIGH,"A typical business's supply chains are heavily associated with ethical challenges such as the financing of conflict, terrorism, money laundering, bribery, or corruption ","e.g. mining, jewellery manufacturing",,,BE04-C-G-H-6,HIGH,General,"Our supply chains have been associated with ethical challenges such as the financing of conflict, terrorism, money laundering, bribery, or corruption ",,,,,
,,BE20-T-H-1,HIGH,"A typical business's products are heavily associated with ethical challenges such as the financing of conflict, terrorism, money laundering, bribery, or corruption ",e.g. finance,,,BE20-C-G-H-1,HIGH,General,"Our products have been associated with ethical challenges such as the financing of conflict, terrorism, money laundering, bribery, or corruption ",,,,,
,,BE20-T-H-2,HIGH,A typical business's products are intended to impact people's health,"e.g. healthcare, pharmaceuticals",,,BE20-C-G-H-2,HIGH,Industry-specific,Our products are intended to impact people's health,,,,,
,,BE23-T-H-1,HIGH,"A typical business's core model involves the ownership, management and/or investment of financial assets","e.g. banks, fund managers, pension funds",,,BE23-C-G-H-1,HIGH,Industry-specific,"Our business's core model involves the ownership, management and/or investment of financial assets",,,,,
,,BE23-T-H-2,HIGH,A typical business's management or investment of financial assets (in-house or via third-party managers) plays a critical role in its core model,e.g. insurance companies,,,BE23-C-G-H-2,HIGH,Industry-specific,Our business's management or investment of financial assets (in-house or via third-party managers) plays a critical role in our core model,,,,,
,,BE20-T-H-3,HIGH,A typical business collects or handles sensitive information and personal data,"e.g. financial and legal services, and industries whose business models are premised on data-sharing for revenue-generation",,,BE20-C-G-H-3,HIGH,General,We collect or handle sensitive information and personal data,,,,,
,,BE20-T-H-4,HIGH,A typical business is highly innovative with products and/or operating processes that are disrupting traditional markets or creating new markets,"e.g. emerging technologies such as social media, cryptocurrency",,,BE20-C-G-H-4,HIGH,Industry-specific,Our business is highly innovative with products and/or operating processes that are disrupting traditional markets or creating new markets,,,,,
,,BE17-T-H-8,HIGH,A typical business's products may be addictive,"e.g. tobacco, alcohol, gambling",,,BE17-C-G-H-8,HIGH,Industry-specific,Our products may be addictive,,,,,
,,BE20-T-H-5,HIGH,"A typical business facilitates interactions with potentially vulnerable groups such as children, the elderly, indigenous people",e.g. tourism ,,,BE20-C-G-H-5,HIGH,General,"Our business interacts or facilitates interactions with potentially vulnerable groups such as children, the elderly, indigenous people",,,,,
,,BE20-T-H-6,HIGH,A typical business is involved in or is otherwise in a position to influence the dissemination of information,e.g. news media,,,BE20-C-G-H-6,HIGH,General,Our business is involved in or is otherwise in position to influence the dissemination of information,,,,,
,,,,,,,,BE20-C-S-H-1,HIGH,Activity,"Within the last 5 years, Our business has received one or more fines or faced one or more lawsuits pertaining to ethical business conduct",,,,,
,,,,,,,,BE16-C-S-H-1,HIGH,Activity,Our business holds a dominant position in the market,,,,,
,,,,,,,,BE20-C-P-L-1,LOW,Performance,"Our Business Ethics progress indicator is 90% or more, in line with Future-Fit Criteria",,,,,
,,,,,,,,BE20-C-P-U-1,UNLIKELY,Performance,"Our Business Ethics progress indicator is 100%, in line with Future-Fit Criteria",,,,,
BE21,Tax,BE21-T-H-1,HIGH,A typical business's value largely resides in intangible assets ,"e.g. patents, virtual networks or services and intellectual property. This excludes goodwill.",,,BE21-C-G-H-1,HIGH,Industry-specific,Our business's value largely resides in intangible assets ,,,,,
,,,,,,,,BE21-C-S-H-1,HIGH,Activity,Our business has a complex structure where there is no immediate transparency of ownership and/or control,,,,,
,,,,,,,,BE21-C-S-H-2,HIGH,Activity,Our business  is registered in a recognised 'tax haven',,,,,
,,,,,,,,BE21-C-S-L-1,LOW,Activity,Our business is a registered charity,,,,,
,,,,,,,,BE21-C-P-L-1,LOW,Performance,"Our Tax progress indicator is 85% or more, in line with Future-Fit Criteria",,,,,
,,,,,,,,BE21-C-P-U-1,UNLIKELY,Performance,"Our Tax progress indicator is 100%, in line with Future-Fit Criteria",,,,,
BE22,Lobbying,BE22-T-H-1,HIGH,A typical business's activity causes extensive greenhouse gas emissions or relies on the sale or purchase of fossil fuels,"e.g. oil and gas, industries manufacturing equipment dependent on fossil fuel combustion",,,BE22-C-G-H-1,HIGH,Industry-specific,Our business activity causes extensive greenhouse gas emissions or relies on the sale or purchase of fossil fuels,,,,,
,,BE08-T-H-1,HIGH,A typical business is likely to negotiate with governing bodies or local communities for rights to resources or land,"e.g. mining and oil industries have been known to negotiate with governments for access to land, at the expense of local communities",,,BE08-C-G-H-1,HIGH,Industry-specific,Our business negotiates with governing bodies or local communities for rights to resources or land,,,,,
,,BE22-T-H-2,HIGH,A typical business  is highly regulated by data privacy laws,"e.g. financial services, social media",,,BE22-C-G-H-2,HIGH,Industry-specific,Our business is highly regulated by data privacy laws,,,,,
,,BE22-T-H-3,HIGH,A typical business relies heavily on intellectual property,e.g. semiconductor industry,,,BE22-C-G-H-3,HIGH,Industry-specific,Our business relies heavily on intellectual property,,,,,
,,BE20-T-H-6,HIGH,A typical business is involved in or is otherwise in a position to influence the dissemination of information,e.g. news media,,,BE20-C-G-H-6,HIGH,General,Our business is involved in or is otherwise in position to influence the dissemination of information,,,,,
,,,,,,,,BE22-C-O-H-1,HIGH,Operating context,Our business is heavily subsidised by the government,,,,,
,,,,,,,,BE22-C-S-L-1,LOW,Activity,Our business does not engage in lobbying or advocacy and does not hold memberships with any associations,,,,,
,,,,,,,,BE22-C-P-L-1,LOW,Performance,"Our Lobbying and Advocacy progress indicator is 66%, in line with Future-Fit Criteria",,,,,
,,,,,,,,BE22-C-P-U-1,UNLIKELY,Performance,"Our Lobbying and Advocacy progress indicator is 100%, in line with Future-Fit Criteria",,,,,
BE23,Financial assets,BE23-T-H-1,HIGH,"A typical business's core model involves the ownership, management and/or investment of financial assets","e.g. banks, fund managers, pension funds",,,BE23-C-G-H-1,HIGH,Industry-specific,"Our business's core model involves the ownership, management and/or investment of financial assets",,,,,
,,BE23-T-H-2,HIGH,A typical business's management or investment of financial assets (in-house or via third-party managers) plays a critical role in its core model,e.g. insurance companies,,,BE23-C-G-H-2,HIGH,Industry-specific,Our business's management or investment of financial assets (in-house or via third-party managers) plays a critical role in our core model,,,,,
,,,,,,,,BE23-C-S-H-1,HIGH,Activity,Our business manages or invests a significant quantity of financial assets (in-house or via third-party managers) for an extended period of time,,,,,
,,BE23-T-L-1,LOW,A typical business only uses financial assets for the reasonable and appropriate day-to-day support of its other activities,"e.g. in many manufacturing industries, and in agriculture, value is held more in assets than in cash",,,BE23-C-G-L-1,LOW,General,Our business only uses financial assets for the reasonable and appropriate day-to-day support of our other activities,,,,,
,,,,,,,,BE23-C-P-L-1,LOW,Performance,"Our Financial Assets progress indicators are 90% or more, in line with Future-Fit Criteria",,,,,
,,,,,,,,BE23-C-P-U-1,UNLIKELY,Performance,"Oour Financial Assets progress indicators are 100%, in line with Future-Fit Criteria",,,,,